product_title;price;categories;tags;country_made;code;year;oem_code;alt_description;delivery;in_stock;made_in;varranty
BMW 5-series E39 Sport restauruota galinė dešinė pneumatinės pakabos pagalvė;100.00 €;BMW AUTODALYS, BMW 5-serija, 5' E39 1997 - 2003;37121095082, A-2738;Lietuvoje;LMDR39-4;1996-2003;37121095082, A-2738, 40-231990; ;"Siuntimas Lietuvoje, Latvijoje ir Estijoje nemokamas.
Prekės Lietuvoje pristatomos šiais būdais:
1. UAB Venipak Lietuva (kurjerių tarnyba) – pristatymas sekančią darbo dieną Jūsų nurodytu adresu.
2. Taip pat prekes galime išsiųsti ir pristatyti tą pačią darbo dieną per autobusų siuntas.
3. Prekes galite atsiimti mūsų specializuotoje parduotuvėje adresu: S. Nėries g. 16B-1, Klaipėda
Prekės pristatomos užsienyje šiais būdais:
1. Kurjerių tarnyba – Jūsų nurodytu adresu.
Dėl prekės pristatymo kainos kreipkitės el.paštu airmaticlt@gmail.com  (kaina priklauso nuo siuntos svorio ir į kokią šalį yra siunčiama).";OUT OF STOCK;Luft Master;24 mėn.
BMW 5-Series E39 Touring pneumatinės pakabos kompresoriaus oro paėmimo žarnelė ir filtras WABCO;23.00 €;BMW AUTODALYS, BMW 5-serija, 5' E39 1997 - 2003; ;Lietuvoje;LMDR39-4;1996-2003;37121095082, A-2738, 40-231990;"BMW 5-Series E39 Touring pneumatinės pakabos kompresoriaus oro paėmimo žarnelė ir filtras WABCO
Svarbi informacija
Norint užtikrinti sklandų kompresoriaus veikimą, būtina iš karto po jo pakeitimo taip pat pakeisti kompresoriaus valdymo relę ir filtrą su oro paėmimo žarnele (net ir tuo atveju jei šuo metu esama relė yra tinkamai veikianti).
Taip pat, yra rekomenduojama patikrinti visą pneumatinės pakabos sistemą dėl jos sandarumo. Nesandari sistema, sena kompresoriaus valdymo relė bei senas filtras yra pagrindinės kompresoriaus gedimo priežastys.
*pristatymo išlaidos į kainą įskaičiuotos
Jei turite kokių klausimų, ar neturime Jūsų norimos prekės – parašykite mums!";"Siuntimas Lietuvoje, Latvijoje ir Estijoje nemokamas.
Prekės Lietuvoje pristatomos šiais būdais:
1. UAB Venipak Lietuva (kurjerių tarnyba) – pristatymas sekančią darbo dieną Jūsų nurodytu adresu.
2. Taip pat prekes galime išsiųsti ir pristatyti tą pačią darbo dieną per autobusų siuntas.
3. Prekes galite atsiimti mūsų specializuotoje parduotuvėje adresu: S. Nėries g. 16B-1, Klaipėda
Prekės pristatomos užsienyje šiais būdais:
1. Kurjerių tarnyba – Jūsų nurodytu adresu.
Dėl prekės pristatymo kainos kreipkitės el.paštu airmaticlt@gmail.com  (kaina priklauso nuo siuntos svorio ir į kokią šalį yra siunčiama).";IN STOCK;WABCO; 
BMW 5-serijos E39 (Sedanas) restauruota galinė pneumatinė pagalvė su amortizatoriumi;150.00 €;BMW AUTODALYS, BMW 5-serija, 5' E39 1997 - 2003; ;Lietuvoje;LMDR1539;1997  – 2003;37 12 1 093 919, 37121093919; ;"Siuntimas Lietuvoje, Latvijoje ir Estijoje nemokamas.
Prekės Lietuvoje pristatomos šiais būdais:
1. UAB Venipak Lietuva (kurjerių tarnyba) – pristatymas sekančią darbo dieną Jūsų nurodytu adresu.
2. Taip pat prekes galime išsiųsti ir pristatyti tą pačią darbo dieną per autobusų siuntas.
3. Prekes galite atsiimti mūsų specializuotoje parduotuvėje adresu: S. Nėries g. 16B-1, Klaipėda
Prekės pristatomos užsienyje šiais būdais:
1. Kurjerių tarnyba – Jūsų nurodytu adresu.
Dėl prekės pristatymo kainos kreipkitės el.paštu airmaticlt@gmail.com  (kaina priklauso nuo siuntos svorio ir į kokią šalį yra siunčiama).";IN STOCK;Luft Master;pagalvei 24 mėn.
BMW 5-serijos E39 (universalas) restauruota galinė kairė pneumatinė pagalvė;100.00 €;BMW AUTODALYS, BMW 5-serija, 5' E39 1997 - 2003;37121094613, A-2738;Lietuvoje;LMDR1039;1996  06 – 2003 12;37121094613, A-2738; ;"Siuntimas Lietuvoje, Latvijoje ir Estijoje nemokamas.
Prekės Lietuvoje pristatomos šiais būdais:
1. UAB Venipak Lietuva (kurjerių tarnyba) – pristatymas sekančią darbo dieną Jūsų nurodytu adresu.
2. Taip pat prekes galime išsiųsti ir pristatyti tą pačią darbo dieną per autobusų siuntas.
3. Prekes galite atsiimti mūsų specializuotoje parduotuvėje adresu: S. Nėries g. 16B-1, Klaipėda
Prekės pristatomos užsienyje šiais būdais:
1. Kurjerių tarnyba – Jūsų nurodytu adresu.
Dėl prekės pristatymo kainos kreipkitės el.paštu airmaticlt@gmail.com  (kaina priklauso nuo siuntos svorio ir į kokią šalį yra siunčiama).";IN STOCK;Luft Master;24 mėn.
BMW E39 restauruota galinė pneumatinė pagalvė dešinė;100.00 €;BMW AUTODALYS, BMW 5-serija, 5' E39 1997 - 2003;37121094614, A-2737;Lietuvoje;LMDR1139;1996  06 – 2003 12;37121094614, A-2737; ;"Siuntimas Lietuvoje, Latvijoje ir Estijoje nemokamas.
Prekės Lietuvoje pristatomos šiais būdais:
1. UAB Venipak Lietuva (kurjerių tarnyba) – pristatymas sekančią darbo dieną Jūsų nurodytu adresu.
2. Taip pat prekes galime išsiųsti ir pristatyti tą pačią darbo dieną per autobusų siuntas.
3. Prekes galite atsiimti mūsų specializuotoje parduotuvėje adresu: S. Nėries g. 16B-1, Klaipėda
Prekės pristatomos užsienyje šiais būdais:
1. Kurjerių tarnyba – Jūsų nurodytu adresu.
Dėl prekės pristatymo kainos kreipkitės el.paštu airmaticlt@gmail.com  (kaina priklauso nuo siuntos svorio ir į kokią šalį yra siunčiama).";IN STOCK;Luft Master;24 mėn.
BMW E39 Sport restauruota galinė kairė pneumatinės pakabos pagalvė;100.00 €;BMW AUTODALYS, BMW 5-serija, 5' E39 1997 - 2003;A-2737, 37121095081;Lietuvoje;LMDR39-3;1996-2003;37121095081, A-2737, 40-232003; ;"Siuntimas Lietuvoje, Latvijoje ir Estijoje nemokamas.
Prekės Lietuvoje pristatomos šiais būdais:
1. UAB Venipak Lietuva (kurjerių tarnyba) – pristatymas sekančią darbo dieną Jūsų nurodytu adresu.
2. Taip pat prekes galime išsiųsti ir pristatyti tą pačią darbo dieną per autobusų siuntas.
3. Prekes galite atsiimti mūsų specializuotoje parduotuvėje adresu: S. Nėries g. 16B-1, Klaipėda
Prekės pristatomos užsienyje šiais būdais:
1. Kurjerių tarnyba – Jūsų nurodytu adresu.
Dėl prekės pristatymo kainos kreipkitės el.paštu airmaticlt@gmail.com  (kaina priklauso nuo siuntos svorio ir į kokią šalį yra siunčiama).";OUT OF STOCK;Luft Master;24 mėn.
Originalus BMW 5-Series E39 Touring pneumatinės pakabos kompresorius WABCO;;BMW AUTODALYS, BMW 5-serija, 5' E39 1997 - 2003, WABCO KOMPRESORIAI;1 092 349, 415 403 301 0, 37226787616, 37226778773, 37221092349;415 403 301 0;1997-2008;1 092 349, 37226787616, 37226778773, 37221092349;37121095081, A-2737, 40-232003;"Originalus BMW 5-Series E39 Touring pneumatinės pakabos kompresorius WABCO
Pagaminta:
Vokietijoje
Kodas:
415 403 301 0
Metai:
1997-2008
Originalus prekės OEM kodas:
1 092 349, 37226787616, 37226778773, 37221092349
BMW 5 Series E39
Svarbi informacija
Norint užtikrinti sklandų kompresoriaus veikimą, būtina iš karto po jo pakeitimo taip pat pakeisti kompresoriaus valdymo relę ir filtrą (net ir tuo atveju jei šuo metu esama relė yra tinkamai veikianti).
Taip pat, yra rekomenduojama patikrinti visą pneumatinės pakabos sistemą dėl jos sandarumo. Nesandari sistema, sena kompresoriaus valdymo relė bei senas filtras yra pagrindinės kompresoriaus gedimo priežastys.
Didmeninės prekybos klausimais galite kreiptis:
Telefonu: +370 670 49017
El. paštu: airmaticlt@gmail.com
Jei turite kokių klausimų, ar neturime Jūsų norimos prekės – parašykite mums!";"Siuntimas Lietuvoje, Latvijoje ir Estijoje nemokamas.
Prekės Lietuvoje pristatomos šiais būdais:
1. UAB Venipak Lietuva (kurjerių tarnyba) – pristatymas sekančią darbo dieną Jūsų nurodytu adresu.
2. Taip pat prekes galime išsiųsti ir pristatyti tą pačią darbo dieną per autobusų siuntas.
3. Prekes galite atsiimti mūsų specializuotoje parduotuvėje adresu: S. Nėries g. 16B-1, Klaipėda
Prekės pristatomos užsienyje šiais būdais:
1. Kurjerių tarnyba – Jūsų nurodytu adresu.
Dėl prekės pristatymo kainos kreipkitės el.paštu airmaticlt@gmail.com  (kaina priklauso nuo siuntos svorio ir į kokią šalį yra siunčiama).";IN STOCK;WABCO; 
BMW 5 E61 pneumatinės pakabos pagalvė Luft Master;99.00 €;BMW AUTODALYS, BMW 5-serija, 5' E61 2003-2010;37126765602, 37126765603, 37.12-6765603, 37.12-6765602, A-2755, 40-303567, DAS10031;Lietuvoje;LM1001;2003-2010;37126765603, 37126765602, 37.12-6765603, 37.12-6765602, A-2755, 40-303567, DAS10031; ;"2 kg
Išmatavimai
35 × 15 × 15 cm";IN STOCK;Luft Master;24 mėn.
BMW 5-serijos E61 kompresoriaus oro paėmimo žarnelė ir filtras;23.00 €;5' E61 2003-2010; ;Lietuvoje;LM1001;2003-2010;37126765603, 37126765602, 37.12-6765603, 37.12-6765602, A-2755, 40-303567, DAS10031;"BMW 5-serijos E61 kompresoriaus oro paėmimo žarnelė ir filtras
Svarbi informacija
Norint užtikrinti sklandų kompresoriaus veikimą, būtina iš karto po jo pakeitimo taip pat pakeisti kompresoriaus valdymo relę ir filtrą su oro paėmimo žarnele (net ir tuo atveju jei šuo metu esama relė yra tinkamai veikianti).
Taip pat, yra rekomenduojama patikrinti visą pneumatinės pakabos sistemą dėl jos sandarumo. Nesandari sistema, sena kompresoriaus valdymo relė bei senas filtras yra pagrindinės kompresoriaus gedimo priežastys.
*pristatymo išlaidos į kainą įskaičiuotos
Jei turite kokių klausimų, ar neturime Jūsų norimos prekės – parašykite mums!";"Siuntimas Lietuvoje, Latvijoje ir Estijoje nemokamas.
Prekės Lietuvoje pristatomos šiais būdais:
1. UAB Venipak Lietuva (kurjerių tarnyba) – pristatymas sekančią darbo dieną Jūsų nurodytu adresu.
2. Taip pat prekes galime išsiųsti ir pristatyti tą pačią darbo dieną per autobusų siuntas.
3. Prekes galite atsiimti mūsų specializuotoje parduotuvėje adresu: S. Nėries g. 16B-1, Klaipėda
Prekės pristatomos užsienyje šiais būdais:
1. Kurjerių tarnyba – Jūsų nurodytu adresu.
Dėl prekės pristatymo kainos kreipkitės el.paštu airmaticlt@gmail.com  (kaina priklauso nuo siuntos svorio ir į kokią šalį yra siunčiama).";IN STOCK; ; 
BMW E61 pneumatinės pakabos pagalvė;99.00 €;BMW AUTODALYS, 5' E61 2003-2010;37126765602, 37126765603, 37.12-6765603, 37.12-6765602, A-2755, 40-303567, DAS10031;Lietuvoje;LMD1001;2003-2010;37126765603, 37126765602, 37.12-6765603, 37.12-6765602, A-2755, 40-303567, DAS10031; ;"Siuntimas Lietuvoje, Latvijoje ir Estijoje nemokamas.
Prekės Lietuvoje pristatomos šiais būdais:
1. UAB Venipak Lietuva (kurjerių tarnyba) – pristatymas sekančią darbo dieną Jūsų nurodytu adresu.
2. Taip pat prekes galime išsiųsti ir pristatyti tą pačią darbo dieną per autobusų siuntas.
3. Prekes galite atsiimti mūsų specializuotoje parduotuvėje adresu: S. Nėries g. 16B-1, Klaipėda
Prekės pristatomos užsienyje šiais būdais:
1. Kurjerių tarnyba – Jūsų nurodytu adresu.
Dėl prekės pristatymo kainos kreipkitės el.paštu airmaticlt@gmail.com  (kaina priklauso nuo siuntos svorio ir į kokią šalį yra siunčiama).";IN STOCK;Luft Master;24 mėn.
Originalus BMW E61 pneumatinės pakabos kompresorius AMK;299.00 €;BMW AUTODALYS, BMW 5-serija, 5' E61 2003-2010, AMK KOMPRESORIAI;37106793778, 37206792855, 37106789937, 37106785505, 37106777827, 37106775015, 37106769082, 37106765094, P-3220, 10-256503;A2125;2003-2010;37106793778, 37206792855, 37106789937 , 37106785505, 37106777827, 37106775015, 37106769082, 37106765094, P-3220,;37126765603, 37126765602, 37.12-6765603, 37.12-6765602, A-2755, 40-303567, DAS10031;"Originalus BMW E61 pneumatinės pakabos kompresorius AMK (2003-2010)
Pagaminta:
Vokietijoje
Kodas:
A2125
Metai:
2003-2010
Originalus prekės OEM kodas:
37106793778, 37206792855, 37106789937 , 37106785505, 37106777827, 37106775015, 37106769082, 37106765094, P-3220,
10-256503
5′ E61
520d Touring (Europa)
523i Touring (Europa)
525d Touring (Europa)
525i M54 Touring (Europa)
525i N52 Touring (Europa)
530d M57N Touring (Europa)
530d M57N2 Touring (Europa)
530i Touring (Europa)
535d Touring (Europa)
545i Touring (Europa)
550i Touring (Europa)
5′ E61 LCI
520d M47N2 Touring (Europa)
520d N47 Touring (Europa)
520i Touring (Europa)
523i N52N Touring (Europa)
523i N53 Touring (Europa)
525d Touring (Europa)
525i N52N Touring (Europa)
525i N53 Touring (Europa)
530d Touring (Europa)
530i N52N Touring (Europa)
530i N53 Touring (Europa)
535d Touring (Europa)
550i Touring (Europa)
Šis originalus AMK pneumatinės pakabos kompresorius montuojamas į visus BMW 5-serijos E61 modelius pagamintus nuo 2003 iki 2010 metų.
Svarbi informacija
Norint užtikrinti sklandų kompresoriaus veikimą, būtina iš karto po jo pakeitimo taip pat pakeisti kompresoriaus valdymo relę ir filtrą (net ir tuo atveju jei šuo metu esama relė yra tinkamai veikianti).
Taip pat, yra rekomenduojama patikrinti visą pneumatinės pakabos sistemą dėl jos sandarumo. Nesandari sistema, sena kompresoriaus valdymo relė bei senas filtras yra pagrindinės kompresoriaus gedimo priežastys.
Pirkdami šį AMK kompresorių Jūs galite būti tikri dėl gaminio kilmės. Esame oficialūs AMK atstovai Lietuvoje. Gaminį gausite geriausia kaina, iš pirmų rankų ir originalioje pakuotėje.
Didmeninės prekybos klausimais galite kreiptis:
Telefonu: +370 670 49017
El. paštu: airmaticlt@gmail.com
Jei turite kokių klausimų, ar neturime Jūsų norimos prekės – parašykite mums!";"Siuntimas Lietuvoje, Latvijoje ir Estijoje nemokamas.
Prekės Lietuvoje pristatomos šiais būdais:
1. UAB Venipak Lietuva (kurjerių tarnyba) – pristatymas sekančią darbo dieną Jūsų nurodytu adresu.
2. Taip pat prekes galime išsiųsti ir pristatyti tą pačią darbo dieną per autobusų siuntas.
3. Prekes galite atsiimti mūsų specializuotoje parduotuvėje adresu: S. Nėries g. 16B-1, Klaipėda
Prekės pristatomos užsienyje šiais būdais:
1. Kurjerių tarnyba – Jūsų nurodytu adresu.
Dėl prekės pristatymo kainos kreipkitės el.paštu airmaticlt@gmail.com  (kaina priklauso nuo siuntos svorio ir į kokią šalį yra siunčiama).";IN STOCK;AMK; 
BMW F07 Grand Turismo galinė pneumatinės pakabos pagalvė;139.00 €;BMW AUTODALYS, BMW 5-serija, 5' F07 GT 2008-2017;37106781843, 37106781844, 37106784379, 37106784381, 37106781827, 37106781828, 37106784378, 37106784380, A-2780, 40-305196, DAS10030;Lietuvoje;LMD1003;2009+;"37106784379, 37.10-6784 379, 37106784378, 37.10-6784 378, 37106781827, 37.10-6781 827, 37106781843 ; 37.10-6781 843, 37106781844, 37.10-6781 844, 37106784380, 37.10-6784 380, 37106784381, 37.10-6784 381, 37106781828 ; 37.10-6781 828, A-2780, 40-305196, DAS10030"; ;"2 kg
Išmatavimai
35 × 15 × 15 cm";IN STOCK;Luft Master;24 mėn.
BMW 5 Series GT/F07/F11 pneumatinės pakabos kompresoriaus oro paėmimo žarnelė ir filtras WABCO;23.00 €;BMW AUTODALYS, BMW 5-serija, 5' F07 GT 2008-2017, 5' F11 Touring 2009-2017; ;Lietuvoje;LMD1003;2009+;"37106784379, 37.10-6784 379, 37106784378, 37.10-6784 378, 37106781827, 37.10-6781 827, 37106781843 ; 37.10-6781 843, 37106781844, 37.10-6781 844, 37106784380, 37.10-6784 380, 37106784381, 37.10-6784 381, 37106781828 ; 37.10-6781 828, A-2780, 40-305196, DAS10030";"BMW 5 Series GT/F07/F11 pneumatinės pakabos kompresoriaus oro paėmimo žarnelė ir filtras WABCO
Svarbi informacija
Norint užtikrinti sklandų kompresoriaus veikimą, būtina iš karto po jo pakeitimo taip pat pakeisti kompresoriaus valdymo relę ir filtrą su oro paėmimo žarnele (net ir tuo atveju jei šuo metu esama relė yra tinkamai veikianti).
Taip pat, yra rekomenduojama patikrinti visą pneumatinės pakabos sistemą dėl jos sandarumo. Nesandari sistema, sena kompresoriaus valdymo relė bei senas filtras yra pagrindinės kompresoriaus gedimo priežastys.
*pristatymo išlaidos į kainą įskaičiuotos
Jei turite kokių klausimų, ar neturime Jūsų norimos prekės – parašykite mums!";"Siuntimas Lietuvoje, Latvijoje ir Estijoje nemokamas.
Prekės Lietuvoje pristatomos šiais būdais:
1. UAB Venipak Lietuva (kurjerių tarnyba) – pristatymas sekančią darbo dieną Jūsų nurodytu adresu.
2. Taip pat prekes galime išsiųsti ir pristatyti tą pačią darbo dieną per autobusų siuntas.
3. Prekes galite atsiimti mūsų specializuotoje parduotuvėje adresu: S. Nėries g. 16B-1, Klaipėda
Prekės pristatomos užsienyje šiais būdais:
1. Kurjerių tarnyba – Jūsų nurodytu adresu.
Dėl prekės pristatymo kainos kreipkitės el.paštu airmaticlt@gmail.com  (kaina priklauso nuo siuntos svorio ir į kokią šalį yra siunčiama).";IN STOCK;WABCO; 
BMW GT/F07/F11 pneumatinės pakabos kompresorius WABCO;429.00 €;5' F07 GT 2008-2017, 5' F11 Touring 2009-2017, WABCO KOMPRESORIAI;37206875176, 37206789450, 37206864215, 37206794465, 415 403 956 2 415 403 424 0, 37206789165, 37206784137;415 403 956 2;Metai:;Originalus prekės OEM kodas:;"37106784379, 37.10-6784 379, 37106784378, 37.10-6784 378, 37106781827, 37.10-6781 827, 37106781843 ; 37.10-6781 843, 37106781844, 37.10-6781 844, 37106784380, 37.10-6784 380, 37106784381, 37.10-6784 381, 37106781828 ; 37.10-6781 828, A-2780, 40-305196, DAS10030";"Originalus BMW 5 Series GT/F07/F11 pneumatinės pakabos kompresorius WABCO
Pagaminta:
Vokietijoje
Kodas:
415 403 956 2
415 403 424 0
Metai:
2009-2017
Originalus prekės OEM kodas:
37206875176, 37206789450, 37206864215, 37206794465, 37206789450, 37206794465, 37206789165,  37206784137
BMW Gran Turismo 5′ F07 GT (09/2008 – 06/2013)
BMW 5′ F11 LCI Touring  nuo 2012
Svarbi informacija
Norint užtikrinti sklandų kompresoriaus veikimą, būtina iš karto po jo pakeitimo taip pat pakeisti kompresoriaus valdymo relę ir filtrą (net ir tuo atveju jei šuo metu esama relė yra tinkamai veikianti).
Taip pat, yra rekomenduojama patikrinti visą pneumatinės pakabos sistemą dėl jos sandarumo. Nesandari sistema, sena kompresoriaus valdymo relė bei senas filtras yra pagrindinės kompresoriaus gedimo priežastys.
Didmeninės prekybos klausimais galite kreiptis:
Telefonu: +370 670 49017
El. paštu: airmaticlt@gmail.com
Jei turite kokių klausimų, ar neturime Jūsų norimos prekės – parašykite mums!";"Siuntimas Lietuvoje, Latvijoje ir Estijoje nemokamas.
Prekės Lietuvoje pristatomos šiais būdais:
1. UAB Venipak Lietuva (kurjerių tarnyba) – pristatymas sekančią darbo dieną Jūsų nurodytu adresu.
2. Taip pat prekes galime išsiųsti ir pristatyti tą pačią darbo dieną per autobusų siuntas.
3. Prekes galite atsiimti mūsų specializuotoje parduotuvėje adresu: S. Nėries g. 16B-1, Klaipėda
Prekės pristatomos užsienyje šiais būdais:
1. Kurjerių tarnyba – Jūsų nurodytu adresu.
Dėl prekės pristatymo kainos kreipkitės el.paštu airmaticlt@gmail.com  (kaina priklauso nuo siuntos svorio ir į kokią šalį yra siunčiama).";IN STOCK;WABCO; 
BMW 5 Series GT/F07/F11 pneumatinės pakabos kompresoriaus oro paėmimo žarnelė ir filtras WABCO;23.00 €;BMW AUTODALYS, BMW 5-serija, 5' F07 GT 2008-2017, 5' F11 Touring 2009-2017; ;415 403 956 2;Metai:;Originalus prekės OEM kodas:;"37106784379, 37.10-6784 379, 37106784378, 37.10-6784 378, 37106781827, 37.10-6781 827, 37106781843 ; 37.10-6781 843, 37106781844, 37.10-6781 844, 37106784380, 37.10-6784 380, 37106784381, 37.10-6784 381, 37106781828 ; 37.10-6781 828, A-2780, 40-305196, DAS10030";"BMW 5 Series GT/F07/F11 pneumatinės pakabos kompresoriaus oro paėmimo žarnelė ir filtras WABCO
Svarbi informacija
Norint užtikrinti sklandų kompresoriaus veikimą, būtina iš karto po jo pakeitimo taip pat pakeisti kompresoriaus valdymo relę ir filtrą su oro paėmimo žarnele (net ir tuo atveju jei šuo metu esama relė yra tinkamai veikianti).
Taip pat, yra rekomenduojama patikrinti visą pneumatinės pakabos sistemą dėl jos sandarumo. Nesandari sistema, sena kompresoriaus valdymo relė bei senas filtras yra pagrindinės kompresoriaus gedimo priežastys.
*pristatymo išlaidos į kainą įskaičiuotos
Jei turite kokių klausimų, ar neturime Jūsų norimos prekės – parašykite mums!";"Siuntimas Lietuvoje, Latvijoje ir Estijoje nemokamas.
Prekės Lietuvoje pristatomos šiais būdais:
1. UAB Venipak Lietuva (kurjerių tarnyba) – pristatymas sekančią darbo dieną Jūsų nurodytu adresu.
2. Taip pat prekes galime išsiųsti ir pristatyti tą pačią darbo dieną per autobusų siuntas.
3. Prekes galite atsiimti mūsų specializuotoje parduotuvėje adresu: S. Nėries g. 16B-1, Klaipėda
Prekės pristatomos užsienyje šiais būdais:
1. Kurjerių tarnyba – Jūsų nurodytu adresu.
Dėl prekės pristatymo kainos kreipkitės el.paštu airmaticlt@gmail.com  (kaina priklauso nuo siuntos svorio ir į kokią šalį yra siunčiama).";IN STOCK;WABCO; 
BMW 5-serijos F11 Touring galinė pneumatinės pakabos pagalvė;139.00 €;BMW AUTODALYS, BMW 5-serija, 5' F11 Touring 2009-2017;37106781843, 37106781844, 37106784379, 37106784381, 37106781827, 37106781828, 37106784378, 37106784380, A-2780, 40-305196, DAS10030;Lietuvoje;LMD1003;nuo 2009;"37106784379, 37.10-6784 379, 37106784378, 37.10-6784 378, 37106781827, 37.10-6781 827, 37106781843 ; 37.10-6781 843, 37106781844, 37.10-6781 844, 37106784380, 37.10-6784 380, 37106784381, 37.10-6784 381, 37106781828 ; 37106784381 37.10-6781 828, A-2780, 40-305196, DAS10030"; ;"Siuntimas Lietuvoje, Latvijoje ir Estijoje nemokamas.
Prekės Lietuvoje pristatomos šiais būdais:
1. UAB Venipak Lietuva (kurjerių tarnyba) – pristatymas sekančią darbo dieną Jūsų nurodytu adresu.
2. Taip pat prekes galime išsiųsti ir pristatyti tą pačią darbo dieną per autobusų siuntas.
3. Prekes galite atsiimti mūsų specializuotoje parduotuvėje adresu: S. Nėries g. 16B-1, Klaipėda
Prekės pristatomos užsienyje šiais būdais:
1. Kurjerių tarnyba – Jūsų nurodytu adresu.
Dėl prekės pristatymo kainos kreipkitės el.paštu airmaticlt@gmail.com  (kaina priklauso nuo siuntos svorio ir į kokią šalį yra siunčiama).";IN STOCK;Luft Master;24 mėn.
BMW GT/F07/F11 pneumatinės pakabos kompresorius WABCO;429.00 €;5' F07 GT 2008-2017, 5' F11 Touring 2009-2017, WABCO KOMPRESORIAI;37206875176, 37206789450, 37206864215, 37206794465, 415 403 956 2 415 403 424 0, 37206789165, 37206784137;415 403 956 2;Metai:;Originalus prekės OEM kodas:;"37106784379, 37.10-6784 379, 37106784378, 37.10-6784 378, 37106781827, 37.10-6781 827, 37106781843 ; 37.10-6781 843, 37106781844, 37.10-6781 844, 37106784380, 37.10-6784 380, 37106784381, 37.10-6784 381, 37106781828 ; 37106784381 37.10-6781 828, A-2780, 40-305196, DAS10030";"Originalus BMW 5 Series GT/F07/F11 pneumatinės pakabos kompresorius WABCO
Pagaminta:
Vokietijoje
Kodas:
415 403 956 2
415 403 424 0
Metai:
2009-2017
Originalus prekės OEM kodas:
37206875176, 37206789450, 37206864215, 37206794465, 37206789450, 37206794465, 37206789165,  37206784137
BMW Gran Turismo 5′ F07 GT (09/2008 – 06/2013)
BMW 5′ F11 LCI Touring  nuo 2012
Svarbi informacija
Norint užtikrinti sklandų kompresoriaus veikimą, būtina iš karto po jo pakeitimo taip pat pakeisti kompresoriaus valdymo relę ir filtrą (net ir tuo atveju jei šuo metu esama relė yra tinkamai veikianti).
Taip pat, yra rekomenduojama patikrinti visą pneumatinės pakabos sistemą dėl jos sandarumo. Nesandari sistema, sena kompresoriaus valdymo relė bei senas filtras yra pagrindinės kompresoriaus gedimo priežastys.
Didmeninės prekybos klausimais galite kreiptis:
Telefonu: +370 670 49017
El. paštu: airmaticlt@gmail.com
Jei turite kokių klausimų, ar neturime Jūsų norimos prekės – parašykite mums!";"Siuntimas Lietuvoje, Latvijoje ir Estijoje nemokamas.
Prekės Lietuvoje pristatomos šiais būdais:
1. UAB Venipak Lietuva (kurjerių tarnyba) – pristatymas sekančią darbo dieną Jūsų nurodytu adresu.
2. Taip pat prekes galime išsiųsti ir pristatyti tą pačią darbo dieną per autobusų siuntas.
3. Prekes galite atsiimti mūsų specializuotoje parduotuvėje adresu: S. Nėries g. 16B-1, Klaipėda
Prekės pristatomos užsienyje šiais būdais:
1. Kurjerių tarnyba – Jūsų nurodytu adresu.
Dėl prekės pristatymo kainos kreipkitės el.paštu airmaticlt@gmail.com  (kaina priklauso nuo siuntos svorio ir į kokią šalį yra siunčiama).";IN STOCK;WABCO; 
BMW 5 Series Touring G31/ 6 Series GT G32 pneumatinės pakabos kompresoriaus oro paėmimo žarnelė ir filtras WABCO;23.00 €;BMW AUTODALYS, BMW 5-serija, 5' G30/G31/G38 2015-2019; ;415 403 956 2;Metai:;Originalus prekės OEM kodas:;"37106784379, 37.10-6784 379, 37106784378, 37.10-6784 378, 37106781827, 37.10-6781 827, 37106781843 ; 37.10-6781 843, 37106781844, 37.10-6781 844, 37106784380, 37.10-6784 380, 37106784381, 37.10-6784 381, 37106781828 ; 37106784381 37.10-6781 828, A-2780, 40-305196, DAS10030";"BMW 5 Series Touring G31/ 6 Series GT G32 pneumatinės pakabos kompresoriaus oro paėmimo žarnelė ir filtras WABCO
Svarbi informacija
Norint užtikrinti sklandų kompresoriaus veikimą, būtina iš karto po jo pakeitimo taip pat pakeisti kompresoriaus valdymo relę ir filtrą su oro paėmimo žarnele (net ir tuo atveju jei šuo metu esama relė yra tinkamai veikianti).
Taip pat, yra rekomenduojama patikrinti visą pneumatinės pakabos sistemą dėl jos sandarumo. Nesandari sistema, sena kompresoriaus valdymo relė bei senas filtras yra pagrindinės kompresoriaus gedimo priežastys.
*pristatymo išlaidos į kainą įskaičiuotos
Jei turite kokių klausimų, ar neturime Jūsų norimos prekės – parašykite mums!";"Siuntimas Lietuvoje, Latvijoje ir Estijoje nemokamas.
Prekės Lietuvoje pristatomos šiais būdais:
1. UAB Venipak Lietuva (kurjerių tarnyba) – pristatymas sekančią darbo dieną Jūsų nurodytu adresu.
2. Taip pat prekes galime išsiųsti ir pristatyti tą pačią darbo dieną per autobusų siuntas.
3. Prekes galite atsiimti mūsų specializuotoje parduotuvėje adresu: S. Nėries g. 16B-1, Klaipėda
Prekės pristatomos užsienyje šiais būdais:
1. Kurjerių tarnyba – Jūsų nurodytu adresu.
Dėl prekės pristatymo kainos kreipkitės el.paštu airmaticlt@gmail.com  (kaina priklauso nuo siuntos svorio ir į kokią šalį yra siunčiama).";IN STOCK;WABCO; 
Originalus BMW 5 Series Touring G31/ 6 Series GT G32 pneumatinės pakabos kompresorius WABCO;430.00 €;BMW AUTODALYS, BMW 5-serija, 6' GT G32 2016-2019, BMW 6-serija, 5' G30/G31/G38 2015-2019, WABCO KOMPRESORIAI;3720 688 672 1 -02, 6886721;415 403 438 0;Nuo 2017;3720 688 672 1 -02, 6886721;"37106784379, 37.10-6784 379, 37106784378, 37.10-6784 378, 37106781827, 37.10-6781 827, 37106781843 ; 37.10-6781 843, 37106781844, 37.10-6781 844, 37106784380, 37.10-6784 380, 37106784381, 37.10-6784 381, 37106781828 ; 37106784381 37.10-6781 828, A-2780, 40-305196, DAS10030";"Originalus BMW 5 Series Touring G31/ 6 Series GT G32 pneumatinės pakabos kompresorius WABCO
Pagaminta:
Vokietijoje
Kodas:
415 403 438 0
Metai:
Nuo 2017
Originalus prekės OEM kodas:
3720 688 672 1 -02, 6886721
Svarbi informacija
Norint užtikrinti sklandų kompresoriaus veikimą, būtina iš karto po jo pakeitimo taip pat pakeisti kompresoriaus valdymo relę ir filtrą (net ir tuo atveju jei šuo metu esama relė yra tinkamai veikianti).
Taip pat, yra rekomenduojama patikrinti visą pneumatinės pakabos sistemą dėl jos sandarumo. Nesandari sistema, sena kompresoriaus valdymo relė bei senas filtras yra pagrindinės kompresoriaus gedimo priežastys.
Didmeninės prekybos klausimais galite kreiptis:
Telefonu: +370 670 49017
El. paštu: airmaticlt@gmail.com
Jei turite kokių klausimų, ar neturime Jūsų norimos prekės – parašykite mums!";"Siuntimas Lietuvoje, Latvijoje ir Estijoje nemokamas.
Prekės Lietuvoje pristatomos šiais būdais:
1. UAB Venipak Lietuva (kurjerių tarnyba) – pristatymas sekančią darbo dieną Jūsų nurodytu adresu.
2. Taip pat prekes galime išsiųsti ir pristatyti tą pačią darbo dieną per autobusų siuntas.
3. Prekes galite atsiimti mūsų specializuotoje parduotuvėje adresu: S. Nėries g. 16B-1, Klaipėda
Prekės pristatomos užsienyje šiais būdais:
1. Kurjerių tarnyba – Jūsų nurodytu adresu.
Dėl prekės pristatymo kainos kreipkitės el.paštu airmaticlt@gmail.com  (kaina priklauso nuo siuntos svorio ir į kokią šalį yra siunčiama).";IN STOCK;WABCO; 
BMW 5 Series Touring G31/ 6 Series GT G32 pneumatinės pakabos kompresoriaus oro paėmimo žarnelė ir filtras WABCO;23.00 €;BMW AUTODALYS, 6' GT G32 2016-2019, BMW 6-serija; ;415 403 438 0;Nuo 2017;3720 688 672 1 -02, 6886721;"37106784379, 37.10-6784 379, 37106784378, 37.10-6784 378, 37106781827, 37.10-6781 827, 37106781843 ; 37.10-6781 843, 37106781844, 37.10-6781 844, 37106784380, 37.10-6784 380, 37106784381, 37.10-6784 381, 37106781828 ; 37106784381 37.10-6781 828, A-2780, 40-305196, DAS10030";"BMW 5 Series Touring G31/ 6 Series GT G32 pneumatinės pakabos kompresoriaus oro paėmimo žarnelė ir filtras WABCO
Svarbi informacija
Norint užtikrinti sklandų kompresoriaus veikimą, būtina iš karto po jo pakeitimo taip pat pakeisti kompresoriaus valdymo relę ir filtrą su oro paėmimo žarnele (net ir tuo atveju jei šuo metu esama relė yra tinkamai veikianti).
Taip pat, yra rekomenduojama patikrinti visą pneumatinės pakabos sistemą dėl jos sandarumo. Nesandari sistema, sena kompresoriaus valdymo relė bei senas filtras yra pagrindinės kompresoriaus gedimo priežastys.
*pristatymo išlaidos į kainą įskaičiuotos
Jei turite kokių klausimų, ar neturime Jūsų norimos prekės – parašykite mums!";"Siuntimas Lietuvoje, Latvijoje ir Estijoje nemokamas.
Prekės Lietuvoje pristatomos šiais būdais:
1. UAB Venipak Lietuva (kurjerių tarnyba) – pristatymas sekančią darbo dieną Jūsų nurodytu adresu.
2. Taip pat prekes galime išsiųsti ir pristatyti tą pačią darbo dieną per autobusų siuntas.
3. Prekes galite atsiimti mūsų specializuotoje parduotuvėje adresu: S. Nėries g. 16B-1, Klaipėda
Prekės pristatomos užsienyje šiais būdais:
1. Kurjerių tarnyba – Jūsų nurodytu adresu.
Dėl prekės pristatymo kainos kreipkitės el.paštu airmaticlt@gmail.com  (kaina priklauso nuo siuntos svorio ir į kokią šalį yra siunčiama).";IN STOCK;WABCO; 
Originalus BMW 5 Series Touring G31/ 6 Series GT G32 pneumatinės pakabos kompresorius WABCO;430.00 €;BMW AUTODALYS, BMW 5-serija, 6' GT G32 2016-2019, BMW 6-serija, 5' G30/G31/G38 2015-2019, WABCO KOMPRESORIAI;3720 688 672 1 -02, 6886721;415 403 438 0;Nuo 2017;3720 688 672 1 -02, 6886721;"37106784379, 37.10-6784 379, 37106784378, 37.10-6784 378, 37106781827, 37.10-6781 827, 37106781843 ; 37.10-6781 843, 37106781844, 37.10-6781 844, 37106784380, 37.10-6784 380, 37106784381, 37.10-6784 381, 37106781828 ; 37106784381 37.10-6781 828, A-2780, 40-305196, DAS10030";"Originalus BMW 5 Series Touring G31/ 6 Series GT G32 pneumatinės pakabos kompresorius WABCO
Pagaminta:
Vokietijoje
Kodas:
415 403 438 0
Metai:
Nuo 2017
Originalus prekės OEM kodas:
3720 688 672 1 -02, 6886721
Svarbi informacija
Norint užtikrinti sklandų kompresoriaus veikimą, būtina iš karto po jo pakeitimo taip pat pakeisti kompresoriaus valdymo relę ir filtrą (net ir tuo atveju jei šuo metu esama relė yra tinkamai veikianti).
Taip pat, yra rekomenduojama patikrinti visą pneumatinės pakabos sistemą dėl jos sandarumo. Nesandari sistema, sena kompresoriaus valdymo relė bei senas filtras yra pagrindinės kompresoriaus gedimo priežastys.
Didmeninės prekybos klausimais galite kreiptis:
Telefonu: +370 670 49017
El. paštu: airmaticlt@gmail.com
Jei turite kokių klausimų, ar neturime Jūsų norimos prekės – parašykite mums!";"Siuntimas Lietuvoje, Latvijoje ir Estijoje nemokamas.
Prekės Lietuvoje pristatomos šiais būdais:
1. UAB Venipak Lietuva (kurjerių tarnyba) – pristatymas sekančią darbo dieną Jūsų nurodytu adresu.
2. Taip pat prekes galime išsiųsti ir pristatyti tą pačią darbo dieną per autobusų siuntas.
3. Prekes galite atsiimti mūsų specializuotoje parduotuvėje adresu: S. Nėries g. 16B-1, Klaipėda
Prekės pristatomos užsienyje šiais būdais:
1. Kurjerių tarnyba – Jūsų nurodytu adresu.
Dėl prekės pristatymo kainos kreipkitės el.paštu airmaticlt@gmail.com  (kaina priklauso nuo siuntos svorio ir į kokią šalį yra siunčiama).";IN STOCK;WABCO; 
BMW 7-Series E66 be EDC restauruota galinė dešinė pneumatinė pagalvė;;BMW AUTODALYS, 7' E66 2001-2008, BMW 7-serija;0815710015653, AS-2980;Lietuvoje;LMDR66-4;2001-2008;0815710015653, AS-2980; ;"Siuntimas Lietuvoje, Latvijoje ir Estijoje nemokamas.
Prekės Lietuvoje pristatomos šiais būdais:
1. UAB Venipak Lietuva (kurjerių tarnyba) – pristatymas sekančią darbo dieną Jūsų nurodytu adresu.
2. Taip pat prekes galime išsiųsti ir pristatyti tą pačią darbo dieną per autobusų siuntas.
3. Prekes galite atsiimti mūsų specializuotoje parduotuvėje adresu: S. Nėries g. 16B-1, Klaipėda
Prekės pristatomos užsienyje šiais būdais:
1. Kurjerių tarnyba – Jūsų nurodytu adresu.
Dėl prekės pristatymo kainos kreipkitės el.paštu airmaticlt@gmail.com  (kaina priklauso nuo siuntos svorio ir į kokią šalį yra siunčiama).";OUT OF STOCK;Luft Master;24 mėn.
BMW 7-Series E66 be EDC restauruota galinė kairė pneumatinė pagalvė;;BMW AUTODALYS, 7' E66 2001-2008, BMW 7-serija;0815710015660, AS-2981;Lietuvoje;LMDR66-3;2001-2008;0815710015660, AS-2981; ;"Siuntimas Lietuvoje, Latvijoje ir Estijoje nemokamas.
Prekės Lietuvoje pristatomos šiais būdais:
1. UAB Venipak Lietuva (kurjerių tarnyba) – pristatymas sekančią darbo dieną Jūsų nurodytu adresu.
2. Taip pat prekes galime išsiųsti ir pristatyti tą pačią darbo dieną per autobusų siuntas.
3. Prekes galite atsiimti mūsų specializuotoje parduotuvėje adresu: S. Nėries g. 16B-1, Klaipėda
Prekės pristatomos užsienyje šiais būdais:
1. Kurjerių tarnyba – Jūsų nurodytu adresu.
Dėl prekės pristatymo kainos kreipkitės el.paštu airmaticlt@gmail.com  (kaina priklauso nuo siuntos svorio ir į kokią šalį yra siunčiama).";OUT OF STOCK;Luft Master;24 mėn.
BMW 7-Series E66 su EDC restauruota galinė dešinė pneumatinės pakabos pagalvė;;BMW AUTODALYS, 7' E66 2001-2008, BMW 7-serija;37126785536;Lietuvoje;LMDR66-2;2001-2008;37126785536; ;"Siuntimas Lietuvoje, Latvijoje ir Estijoje nemokamas.
Prekės Lietuvoje pristatomos šiais būdais:
1. UAB Venipak Lietuva (kurjerių tarnyba) – pristatymas sekančią darbo dieną Jūsų nurodytu adresu.
2. Taip pat prekes galime išsiųsti ir pristatyti tą pačią darbo dieną per autobusų siuntas.
3. Prekes galite atsiimti mūsų specializuotoje parduotuvėje adresu: S. Nėries g. 16B-1, Klaipėda
Prekės pristatomos užsienyje šiais būdais:
1. Kurjerių tarnyba – Jūsų nurodytu adresu.
Dėl prekės pristatymo kainos kreipkitės el.paštu airmaticlt@gmail.com  (kaina priklauso nuo siuntos svorio ir į kokią šalį yra siunčiama).";OUT OF STOCK;Luft Master;24 mėn.
BMW 7-Series E66 su EDC restauruota galinė kairė pneumatinės pakabos pagalvė;;BMW AUTODALYS, 7' E66 2001-2008, BMW 7-serija;37126785535, 37126785537;Lietuvoje;LMDR66-1;2001-2008;37126785535, 37126785537; ;"Siuntimas Lietuvoje, Latvijoje ir Estijoje nemokamas.
Prekės Lietuvoje pristatomos šiais būdais:
1. UAB Venipak Lietuva (kurjerių tarnyba) – pristatymas sekančią darbo dieną Jūsų nurodytu adresu.
2. Taip pat prekes galime išsiųsti ir pristatyti tą pačią darbo dieną per autobusų siuntas.
3. Prekes galite atsiimti mūsų specializuotoje parduotuvėje adresu: S. Nėries g. 16B-1, Klaipėda
Prekės pristatomos užsienyje šiais būdais:
1. Kurjerių tarnyba – Jūsų nurodytu adresu.
Dėl prekės pristatymo kainos kreipkitės el.paštu airmaticlt@gmail.com  (kaina priklauso nuo siuntos svorio ir į kokią šalį yra siunčiama).";OUT OF STOCK;Luft Master;24 mėn.
BMW 7-series F01/F02 pneumatinės pakabos kompresoriaus oro paėmimo žarnelė ir filtras WABCO;23.00 €;BMW AUTODALYS, 7' F01/F02/F04 2012 +, BMW 7-serija; ;Lietuvoje;LMDR66-1;2001-2008;37126785535, 37126785537;"BMW 7-series F01/F02 pneumatinės pakabos kompresoriaus oro paėmimo žarnelė ir filtras WABCO
Svarbi informacija
Norint užtikrinti sklandų kompresoriaus veikimą, būtina iš karto po jo pakeitimo taip pat pakeisti kompresoriaus valdymo relę ir filtrą su oro paėmimo žarnele (net ir tuo atveju jei šuo metu esama relė yra tinkamai veikianti).
Taip pat, yra rekomenduojama patikrinti visą pneumatinės pakabos sistemą dėl jos sandarumo. Nesandari sistema, sena kompresoriaus valdymo relė bei senas filtras yra pagrindinės kompresoriaus gedimo priežastys.
*pristatymo išlaidos į kainą įskaičiuotos
Jei turite kokių klausimų, ar neturime Jūsų norimos prekės – parašykite mums!";"Siuntimas Lietuvoje, Latvijoje ir Estijoje nemokamas.
Prekės Lietuvoje pristatomos šiais būdais:
1. UAB Venipak Lietuva (kurjerių tarnyba) – pristatymas sekančią darbo dieną Jūsų nurodytu adresu.
2. Taip pat prekes galime išsiųsti ir pristatyti tą pačią darbo dieną per autobusų siuntas.
3. Prekes galite atsiimti mūsų specializuotoje parduotuvėje adresu: S. Nėries g. 16B-1, Klaipėda
Prekės pristatomos užsienyje šiais būdais:
1. Kurjerių tarnyba – Jūsų nurodytu adresu.
Dėl prekės pristatymo kainos kreipkitės el.paštu airmaticlt@gmail.com  (kaina priklauso nuo siuntos svorio ir į kokią šalį yra siunčiama).";IN STOCK;WABCO; 
